{"cameraMode":{"drawMode":0,"name":"Shaded","section":"Shading Mode"},"sceneLighting":false,"audioPlay":false,"sceneViewState":{"showFog":true,"showMaterialUpdate":false,"showSkybox":false,"showFlares":true,"showImageEffects":true,"showParticleSystems":true,"showVisualEffectGraphs":true,"m_FxEnabled":true},"in2DMode":false,"pivot":{"x":0.0017457008361816407,"y":1.694537878036499,"z":10.619468688964844},"rotation":{"x":-0.054098207503557208,"y":0.9458896517753601,"z":-0.22877949476242066,"w":-0.22366885840892793},"size":4.325179100036621,"orthographic":false}